<?xml version='1.0' encoding='utf-8'?>
<!DOCTYPE hibernate-configuration PUBLIC
    "-//Hibernate/Hibernate Configuration DTD//EN"
    "http://www.hibernate.org/dtd/hibernate-configuration-3.0.dtd">
<hibernate-configuration>
	<session-factory>
		<property name="show_sql">true</property>
		<property name="hbm2ddl.auto">update</property>
		<property name="hibernate.dialect">org.hibernate.dialect.PostgreSQLDialect</property>
		<property name="hibernate.connection.url">
			jdbc:postgresql://aws-rds-postgresql.cqzddkddb9bx.us-east-2.rds.amazonaws.com:5432/postgres</property>
		<property name="connection.username">root</property>
		<property name="connection.password">rootroot</property>
		<property name="hibernate.connection.driver_class">org.postgresql.Driver</property>

		<property name="hibernate.cache.provider_class">org.hibernate.cache.EhCacheProvider  </property>


		<mapping class="com.revature.entities.Manager" />
		<mapping class="com.revature.entities.Reimbursement" />
		<mapping class="com.revature.entities.ExpenseCategory" />
		<mapping class="com.revature.entities.Employee" />

	</session-factory>
</hibernate-configuration>