<?xml version='1.0' encoding='utf-8'?>
<!DOCTYPE hibernate-configuration PUBLIC
    "-//Hibernate/Hibernate Configuration DTD//EN"
    "http://www.hibernate.org/dtd/hibernate-configuration-3.0.dtd">
<hibernate-configuration>
	<session-factory>
		<property name="show_sql">true</property>
		<property name="hbm2ddl.auto">update</property>
		<property name="hibernate.dialect">org.hibernate.dialect.MySQL8Dialect</property>
		<property name="hibernate.connection.url">jdbc:mysql://localhost::3306/demo</property>
		<property name="connection.username">root</property>
		<property name="connection.password">root</property>
		<property name="hibernate.connection.driver_class">org.jdbc.mysql.Driver</property>

		<property name="hibernate.cache.provider_class">org.hibernate.cache.EhCacheProvider  </property>


		<mapping class="com.revature.coursemgmt.model.Course" />

	</session-factory>
</hibernate-configuration>